{
  "wavelet": "coif3",
  "wavelet_level": 4,
  "energy_ratio_thresh": 0.46379934254849275,
  "initial_train": 519,
  "val_size": 64,
  "seq_len": 56,
  "n_scales": 4,
  "num_layers": 4,
  "d_model_nhead_2b9636_v2": "96x4",
  "ffmult_2b9636_v1": "x4",
  "transf_dropout": 0.26375698100692313,
  "transf_lr": 0.002016324545077249,
  "transf_epochs": 25,
  "cnn_hidden": 64,
  "cnn_dropout": 0.3406838470222645,
  "cnn_lr": 0.009327980952142443,
  "xgb_max_depth": 2,
  "xgb_n_estimators": 150,
  "xgb_lr": 0.0038791730906863066,
  "xgb_gamma": 1.8308259883262044,
  "xgb_min_child_weight": 2,
  "xgb_subsample": 0.6446805958788543,
  "xgb_colsample_bytree": 0.7440920132352288,
  "xgb_lambda": 2.826603780797541,
  "xgb_alpha": 0.4221937545201653
}